#SampleID,forwardBarcodeSequence,reverseBarcodeSequence,LibraryNumber,LibraryName,ProjectName,Primer,Region,Seq_ID,Who,internal_sample_id,BarcodeName,Name,Time ,Day ,Experiment,Port,Material ,Redox,Column
Fe_inoculum_2019,CTTGCGAG,CTTGCGAG,1,2020_0076,Fe_SO4_Andrea_V4_new,515F-806Rd,V4,Fe_inoculum_2019,Ineke,2020_05599,Hiseq-34,Fe_inoculum_2019,0,218,1,inoculum,inoculum,,
Fe_inoculum_2020,GCTAATCT,GCTAATCT,1,2020_0076,Fe_SO4_Andrea_V4_new,515F-806Rd,V4,Fe_inoculum_2020,Ineke,2020_05611,Hiseq-46,Fe_inoculum_2020,6,582,2,inoculum,inoculum,Fe,1
Fe_out_L_t0,GGAGTATG,GGAGTATG,1,2020_0076,Fe_SO4_Andrea_V4_new,515F-806Rd,V4,Fe_out_L_t0,Ineke,2020_05613,Hiseq-48,Fe_out_L_t0,0,219,1,column,liquid,Fe,1
Fe_out_L_t11,TTGACTAG,TTGACTAG,1,2020_0076,Fe_SO4_Andrea_V4_new,515F-806Rd,V4,Fe_out_L_t11,Ineke,2020_05633,Hiseq-68,Fe_out_L_t11,11,775,2,column,liquid,Fe,1
Fe_out_L_t3,TGACTCAA,TGACTCAA,1,2020_0076,Fe_SO4_Andrea_V4_new,515F-806Rd,V4,Fe_out_L_t3,Ineke,2020_05627,Hiseq-62,Fe_out_L_t3,3,269,1,column,liquid,Fe,1
Fe_out_L_t5,GGTAGAAT,GGTAGAAT,2,2020_0078,Fe_SO4_Andrea_V4_new,515F-806Rd,V4,Fe_out_L_t5,Ineke,2020_05750,Hiseq-50,Fe_out_L_t5,5,311,1,column,liquid,Fe,1
Fe_out_L_t6,TCCTCCGC,TCCTCCGC,2,2020_0078,Fe_SO4_Andrea_V4_new,515F-806Rd,V4,Fe_out_L_t6,Ineke,2020_05758,Hiseq-58,Fe_out_L_t6,6,583,2,column,liquid,Fe,1
Fe_out_L_t8,TGCCTGCG,TGCCTGCG,1,2020_0076,Fe_SO4_Andrea_V4_new,515F-806Rd,V4,Fe_out_L_t8,Ineke,2020_05629,Hiseq-64,Fe_out_L_t8,8,599,2,column,liquid,Fe,1
Fe_out_S_t0,TCCTCCGC,TCCTCCGC,1,2020_0076,Fe_SO4_Andrea_V4_new,515F-806Rd,V4,Fe_out_S_t0,Ineke,2020_05623,Hiseq-58,Fe_out_S_t0,0,219,1,column,sediment,Fe,1
Fe_out_S_t11,TCGATATT,TCGATATT,1,2020_0076,Fe_SO4_Andrea_V4_new,515F-806Rd,V4,Fe_out_S_t11,Ineke,2020_05625,Hiseq-60,Fe_out_S_t11,11,775,2,column,sediment,Fe,1
Fe_out_S_t3,GTTAAGTT,GTTAAGTT,1,2020_0076,Fe_SO4_Andrea_V4_new,515F-806Rd,V4,Fe_out_S_t3,Ineke,2020_05617,Hiseq-52,Fe_out_S_t3,3,269,1,column,sediment,Fe,1
Fe_out_S_t5,GATGATAA,GATGATAA,1,2020_0076,Fe_SO4_Andrea_V4_new,515F-806Rd,V4,Fe_out_S_t5,Ineke,2020_05607,Hiseq-42,Fe_out_S_t5,5,311,1,column,sediment,Fe,1
Fe_out_S_t6,GCCAGGTT,GCCAGGTT,1,2020_0076,Fe_SO4_Andrea_V4_new,515F-806Rd,V4,Fe_out_S_t6,Ineke,2020_05609,Hiseq-44,Fe_out_S_t6,6,583,2,column,sediment,Fe,1
Fe_out_S_t8,TATTGCGC,TATTGCGC,1,2020_0076,Fe_SO4_Andrea_V4_new,515F-806Rd,V4,Fe_out_S_t8,Ineke,2020_05619,Hiseq-54,Fe_out_S_t8,8,599,2,column,sediment,Fe,1
Fe_SP2_L_t0,GAACCGTT,GAACCGTT,1,2020_0076,Fe_SO4_Andrea_V4_new,515F-806Rd,V4,Fe_SP2_L_t0,Ineke,2020_05601,Hiseq-36,Fe_SP2_L_t0,0,219,1,column,liquid,Fe,1
Fe_SP2_L_t11,TCATTCCG,TCATTCCG,2,2020_0078,Fe_SO4_Andrea_V4_new,515F-806Rd,V4,Fe_SP2_L_t11,Ineke,2020_05756,Hiseq-56,Fe_SP2_L_t11,11,775,2,column,liquid,Fe,1
Fe_SP2_L_t3,GGTAGAAT,GGTAGAAT,1,2020_0076,Fe_SO4_Andrea_V4_new,515F-806Rd,V4,Fe_SP2_L_t3,Ineke,2020_05615,Hiseq-50,Fe_SP2_L_t3,3,269,1,column,liquid,Fe,1
Fe_SP2_L_t3.2,CATAAGCG,CATAAGCG,3,2020_0079,Fe_SO4_Andrea_V4_new,515F-806Rd,V4,Fe_SP2_L_t3,Ineke,2020_05790,Hiseq-20,Fe_SP2_L_t3.2,na,na ,na,na,na,na,na
Fe_SP2_L_t5,TGGTATGA,TGGTATGA,1,2020_0076,Fe_SO4_Andrea_V4_new,515F-806Rd,V4,Fe_SP2_L_t5,Ineke,2020_05631,Hiseq-66,Fe_SP2_L_t5,5,311,1,column,liquid,Fe,1
Fe_SP2_L_t6,GAACTAAG,GAACTAAG,1,2020_0076,Fe_SO4_Andrea_V4_new,515F-806Rd,V4,Fe_SP2_L_t6,Ineke,2020_05603,Hiseq-38,Fe_SP2_L_t6,6,583,2,column,liquid,Fe,1
Fe_SP2_S_t0,GAGTTATA,GAGTTATA,1,2020_0076,Fe_SO4_Andrea_V4_new,515F-806Rd,V4,Fe_SP2_S_t0,Ineke,2020_05605,Hiseq-40,Fe_SP2_S_t0,0,219,1,column,sediment,Fe,1
Fe_SP2_S_t11,GTTAAGTT,GTTAAGTT,2,2020_0078,Fe_SO4_Andrea_V4_new,515F-806Rd,V4,Fe_SP2_S_t11,Ineke,2020_05752,Hiseq-52,Fe_SP2_S_t11,11,775,2,column,sediment,Fe,1
Fe_SP2_S_t3,TCATTCCG,TCATTCCG,1,2020_0076,Fe_SO4_Andrea_V4_new,515F-806Rd,V4,Fe_SP2_S_t3,Ineke,2020_05621,Hiseq-56,Fe_SP2_S_t3,3,269,1,column,sediment,Fe,1
Fe_SP2_S_t5,AACCATGC,AACCATGC,1,2020_0076,Fe_SO4_Andrea_V4_new,515F-806Rd,V4,Fe_SP2_S_t5,Ineke,2020_05597,Hiseq-2,Fe_SP2_S_t5,5,311,1,column,sediment,Fe,1
Fe_SP2_S_t6,TATTGCGC,TATTGCGC,2,2020_0078,Fe_SO4_Andrea_V4_new,515F-806Rd,V4,Fe_SP2_S_t6,Ineke,2020_05754,Hiseq-54,Fe_SP2_S_t6,6,583,2,column,sediment,Fe,1
Fe_SP2_S_t8,CAACCTCT,CAACCTCT,3,2020_0079,Fe_SO4_Andrea_V4_new,515F-806Rd,V4,Fe_SP2_S_t8,Ineke,2020_05788,Hiseq-18,Fe_SP2_S_t8,8,599,2,column,sediment,Fe,1
MOCK3.1,CTCAGTCT,CTCAGTCT,1,2020_0076,Fe_SO4_Andrea_V4_new,515F-806Rd,V4,MOCK3,Ineke,MOCK,Hiseq-31,MOCK3.1,t,d,,,,,
MOCK3.2,CTCAGTCT,CTCAGTCT,2,2020_0078,Fe_SO4_Andrea_V4_new,515F-806Rd,V4,MOCK3,Ineke,MOCK,Hiseq-31,MOCK3.2,t,d,,,,,
Mock3.3,ACGCTCGC,ACGCTCGC,3,2020_0079,Fe_SO4_Andrea_V4_new,515F-806Rd,V4,MOCK3,Laura,2020_05777,Hiseq-7,Mock3.3,t,d,,,,,
MOCK3.3.2,CTCAGTCT,CTCAGTCT,3,2020_0079,Fe_SO4_Andrea_V4_new,515F-806Rd,V4,MOCK3,Ineke,MOCK,Hiseq-31,MOCK3.3.2,t,d,,,,,
MOCK4.1,CTCGCGTA,CTCGCGTA,1,2020_0076,Fe_SO4_Andrea_V4_new,515F-806Rd,V4,MOCK4,Ineke,MOCK,Hiseq-32,MOCK4.1,t,d,,,,,
MOCK4.2,CTCGCGTA,CTCGCGTA,2,2020_0078,Fe_SO4_Andrea_V4_new,515F-806Rd,V4,MOCK4,Ineke,MOCK,Hiseq-32,MOCK4.2,t,d,,,,,
Mock4.3,AGACCTGC,AGACCTGC,3,2020_0079,Fe_SO4_Andrea_V4_new,515F-806Rd,V4,MOCK4,Laura,2020_05778,Hiseq-8,Mock4.3,t,d,,,,,
MOCK4.3.2,CTCGCGTA,CTCGCGTA,3,2020_0079,Fe_SO4_Andrea_V4_new,515F-806Rd,V4,MOCK4,Ineke,MOCK,Hiseq-32,MOCK4.3.2,t,d,,,,,
SO4_inoculum_2019,CTTGGCCT,CTTGGCCT,1,2020_0076,Fe_SO4_Andrea_V4_new,515F-806Rd,V4,SO4_inoculum_2019,Ineke,2020_05600,Hiseq-35,SO4_inoculum_2019,0,219,3,inoculum,inoculum,SO4,2
SO4_inoculum_2020,GGAGCGCA,GGAGCGCA,1,2020_0076,Fe_SO4_Andrea_V4_new,515F-806Rd,V4,SO4_inoculum_2020,Ineke,2020_05612,Hiseq-47,SO4_inoculum_2020,6,592,4,inoculum,inoculum,SO4,2
SO4_out_L_t0,GGTACCAA,GGTACCAA,1,2020_0076,Fe_SO4_Andrea_V4_new,515F-806Rd,V4,SO4_out_L_t0,Ineke,2020_05614,Hiseq-49,SO4_out_L_t0,0,220,4,column,liquid,SO4,2
SO4_out_L_t11,TTGATCCA,TTGATCCA,1,2020_0076,Fe_SO4_Andrea_V4_new,515F-806Rd,V4,SO4_out_L_t11,Ineke,2020_05634,Hiseq-69,SO4_out_L_t11,11,795,4,column,liquid,SO4,2
SO4_out_L_t3,TGATCTCA,TGATCTCA,1,2020_0076,Fe_SO4_Andrea_V4_new,515F-806Rd,V4,SO4_out_L_t3,Ineke,2020_05628,Hiseq-63,SO4_out_L_t3,3,277,3,column,liquid,SO4,2
SO4_out_L_t5,GTCCGCAA,GTCCGCAA,2,2020_0078,Fe_SO4_Andrea_V4_new,515F-806Rd,V4,SO4_out_L_t5,Ineke,2020_05751,Hiseq-51,SO4_out_L_t5,5,322,3,column,liquid,SO4,2
SO4_out_L_t6,TCGAATAA,TCGAATAA,2,2020_0078,Fe_SO4_Andrea_V4_new,515F-806Rd,V4,SO4_out_L_t6,Ineke,2020_05759,Hiseq-59,SO4_out_L_t6,6,592,4,column,liquid,SO4,2
SO4_out_L_t8,TGGTAATT,TGGTAATT,1,2020_0076,Fe_SO4_Andrea_V4_new,515F-806Rd,V4,SO4_out_L_t8,Ineke,2020_05630,Hiseq-65,SO4_out_L_t8,8,615,4,column,liquid,SO4,2
SO4_out_S_t0,TCGAATAA,TCGAATAA,1,2020_0076,Fe_SO4_Andrea_V4_new,515F-806Rd,V4,SO4_out_S_t0,Ineke,2020_05624,Hiseq-59,SO4_out_S_t0,0,220,3,column,sediment,SO4,2
SO4_out_S_t11,TCTATTCG,TCTATTCG,1,2020_0076,Fe_SO4_Andrea_V4_new,515F-806Rd,V4,SO4_out_S_t11,Ineke,2020_05626,Hiseq-61,SO4_out_S_t11,11,795,4,column,sediment,SO4,2
SO4_out_S_t3,GTTCTACG,GTTCTACG,1,2020_0076,Fe_SO4_Andrea_V4_new,515F-806Rd,V4,SO4_out_S_t3,Ineke,2020_05618,Hiseq-53,SO4_out_S_t3,3,277,3,column,sediment,SO4,2
SO4_out_S_t5,GATGCGCT,GATGCGCT,1,2020_0076,Fe_SO4_Andrea_V4_new,515F-806Rd,V4,SO4_out_S_t5,Ineke,2020_05608,Hiseq-43,SO4_out_S_t5,5,322,3,column,sediment,SO4,2
SO4_out_S_t6,GCCTTAAG,GCCTTAAG,1,2020_0076,Fe_SO4_Andrea_V4_new,515F-806Rd,V4,SO4_out_S_t6,Ineke,2020_05610,Hiseq-45,SO4_out_S_t6,6,592,4,column,sediment,SO4,2
SO4_out_S_t8,TCAGCGAG,TCAGCGAG,1,2020_0076,Fe_SO4_Andrea_V4_new,515F-806Rd,V4,SO4_out_S_t8,Ineke,2020_05620,Hiseq-55,SO4_out_S_t8,8,615,4,column,sediment,SO4,2
SO4_SP2_L_t0,GAACGTAT,GAACGTAT,1,2020_0076,Fe_SO4_Andrea_V4_new,515F-806Rd,V4,SO4_SP2_L_t0,Ineke,2020_05602,Hiseq-37,SO4_SP2_L_t0,0,220,3,column,liquid,SO4,2
SO4_SP2_L_t11,TCCGTATA,TCCGTATA,2,2020_0078,Fe_SO4_Andrea_V4_new,515F-806Rd,V4,SO4_SP2_L_t11,Ineke,2020_05757,Hiseq-57,SO4_SP2_L_t11,11,795,4,column,liquid,SO4,2
SO4_SP2_L_t3,GTCCGCAA,GTCCGCAA,1,2020_0076,Fe_SO4_Andrea_V4_new,515F-806Rd,V4,SO4_SP2_L_t3,Ineke,2020_05616,Hiseq-51,SO4_SP2_L_t3,3,277,3,column,liquid,SO4,2
SO4_SP2_L_t3.2,CATGATGC,CATGATGC,3,2020_0079,Fe_SO4_Andrea_V4_new,515F-806Rd,V4,SO4_SP2_L_t3,Ineke,2020_05791,Hiseq-21,SO4_SP2_L_t3.2,na,na ,na,na,na,na,na
SO4_SP2_L_t5,TTAGGATG,TTAGGATG,1,2020_0076,Fe_SO4_Andrea_V4_new,515F-806Rd,V4,SO4_SP2_L_t5,Ineke,2020_05632,Hiseq-67,SO4_SP2_L_t5,5,322,3,column,liquid,SO4,2
SO4_SP2_L_t6,GAAGCTCG,GAAGCTCG,1,2020_0076,Fe_SO4_Andrea_V4_new,515F-806Rd,V4,SO4_SP2_L_t6,Ineke,2020_05604,Hiseq-39,SO4_SP2_L_t6,6,592,4,column,liquid,SO4,2
SO4_SP2_S_t0,GATGAATG,GATGAATG,1,2020_0076,Fe_SO4_Andrea_V4_new,515F-806Rd,V4,SO4_SP2_S_t0,Ineke,2020_05606,Hiseq-41,SO4_SP2_S_t0,0,220,3,column,sediment,SO4,2
SO4_SP2_S_t11,GTTCTACG,GTTCTACG,2,2020_0078,Fe_SO4_Andrea_V4_new,515F-806Rd,V4,SO4_SP2_S_t11,Ineke,2020_05753,Hiseq-53,SO4_SP2_S_t11,11,795,4,column,sediment,SO4,2
SO4_SP2_S_t3,TCCGTATA,TCCGTATA,1,2020_0076,Fe_SO4_Andrea_V4_new,515F-806Rd,V4,SO4_SP2_S_t3,Ineke,2020_05622,Hiseq-57,SO4_SP2_S_t3,3,277,3,column,sediment,SO4,2
SO4_SP2_S_t5,ACCGGAAT,ACCGGAAT,1,2020_0076,Fe_SO4_Andrea_V4_new,515F-806Rd,V4,SO4_SP2_S_t5,Ineke,2020_05598,Hiseq-6,SO4_SP2_S_t5,5,322,3,column,sediment,SO4,2
SO4_SP2_S_t6,TCAGCGAG,TCAGCGAG,2,2020_0078,Fe_SO4_Andrea_V4_new,515F-806Rd,V4,SO4_SP2_S_t6,Ineke,2020_05755,Hiseq-55,SO4_SP2_S_t6,6,592,4,column,sediment,SO4,2
SO4_SP2_S_t8,CAACGAGG,CAACGAGG,3,2020_0079,Fe_SO4_Andrea_V4_new,515F-806Rd,V4,SO4_SP2_S_t8,Ineke,2020_05789,Hiseq-19,SO4_SP2_S_t8,8,615,4,column,sediment,SO4,2
water,TTGCATAT,TTGCATAT,1,2020_0076,Fe_SO4_Andrea_V4_new,515F-806Rd,V4,water,Ineke,2020_05635,Hiseq-70,water,t,d,,,,,
water.2,TCGATATT,TCGATATT,2,2020_0078,Fe_SO4_Andrea_V4_new,515F-806Rd,V4,water,Ineke,2020_05760,Hiseq-60,water.2,t,d,,,,,
